Care home,care homes,carehome,carehomes,residential care,residential care home,residential care homes,residential home,residential homes,old people's home,old peoples homes,older peoples homes,res care,resi care,,,,,,,,
nursing care,nursing home,nursing homes,care home with nursing,nursing care home,convalescent home,convalescence??,,,,,,,,,,,,,,,
Nursing home with dementia,Dementia home,nursing dementia,care home dementia,care homes dementia,dementia care homes,dementia care home,,,,,,,,,,,,,,,
Home care,care at home,dom care,domiciliary care,home carers,homecare,personal care,help with personal care,domiciliary,,,,,,,,,,,,,
Special Educational Needs,SEN ,special needs (education),Specific Learning Difficulty,SLD,MLD,Moderate Learning Difficulty,Mild Learning Difficulty,additional educational needs,additional education support,,,,,,,,,,,,
Learning Disabilities,Learning Disability,PMLD,Profound and Multiple Learning Disability,Profound and Multiple LD,LD,SpLD,learning disabled,,,,,,,,,,,,,,
Learning Difficulty,Learning Difficulties,Severe Learning Difficulty,,,,,,,,,,,,,,,,,,,
SEND,Special Educational Needs and Disability,Special Educational Needs and Disabilities,Special Educational Needs or Disability,Special Educational Needs or Disabilities,Special Education Needs and Disability,Special Education Needs and Disabilities,Special Education Needs or Disability,Special Education Needs or Disabilities,,,,,,,,,,,,,
Aspergers syndrome,Asperger syndrome,Asperger,Aspergers,aspies,aspi,Asperger's syndrome,Asperger's,,,,,,,,,,,,,,
Autism ,high functioning autism,ASD,highfunctioning autism,Autism spectrum disorder ,autistic traits,autism spectrum,autistic,,,,,,,,,,,,,,
day services,day service,day care,day centre,day centres,day opportunities,day centers,day center,,,,,,,,,,,,,,
befriending ,befrienders,befriender,,,,,,,,,,,,,,,,,,,
Community equipment,OT equipment ,equipment,equipment providers,equipment loan,borrow equipment,disability equipment,disability equipment service,equipment service,,,,,,,,,,,,,
Sheltered Accommodation,sheltered housing,sheltered flats,warden accommodation,warden serviced housing,warden control,warden controlled,,,,,,,,,,,,,,,
employment,jobs,job,,,,,,,,,,,,,,,,,,,
dehydration,not drinking enough,fluid intake,hydration,dyhydrate,,,,,,,,,,,,,,,,,
nutrition,malnutrition,balanced diet,good diet,eating well,eat right,,,,,,,,,,,,,,,,
weight loss,losing weight,weight management,lose weight,manage weight,fat loss,lose fat,,,,,,,,,,,,,,,
Eating Disorder,Eating disorders,EDNOS,,,,,,,,,,,,,,,,,,,
Binge eating,compulsive eating,overeating,over eating,,,,,,,,,,,,,,,,,,
Anorexia,Anorexic,Starve,Starving,SelfStarving,self starving,starve yourself,anorexia nervosa,,,,,,,,,,,,,,
bulimia nervosa,bulimia ,bulimic,purging,binge and purge,,,,,,,,,,,,,,,,,
drug misuse,drug abuse,drug addiction,drug use,drug addicts,drug addict,drug misusers,narcotics use,abuse drugs,drugs,,,,,,,,,,,,
Substance misuse,substance abuse,substance use,,,,,,,,,,,,,,,,,,,
physical activities,pe ,physical education,physical exercise,physical activity,exercise,exercising,fitness,get fit,keep fit,,,,,,,,,,,,
older people,aged people,elderly,elderly people,elders,old age,old people,old persons,older adults,senior citizens,third age,pensioners,seniors,,,,,,,,,
Respite,carers breaks,carer break,carer's break,carer's breaks,carer respite break,carer respite,respite break,respite care,respite care services,,,,,,,,,,,,
sitting services,sitting service,,,,,,,,,,,,,,,,,,,,
short breaks,short term break,,,,,,,,,,,,,,,,,,,,
arts,creative arts,drawing,painting,performing arts,sketching,pottery ,pastels,sculpt ,sculpture,modelling ,singing ,sing ,acting ,,,,,,,,
disabilities,disabled people,disabled,physical disability,physical impairment,physical disabilities ,amputee,physically challenged ,,,,,,,,,,,,,,
doctor,clinic,consultant,GP,health centre,medical practitioner,physician,saw bones,dr,,,,,,,,,,,,,
Rehabilitation,rehab,reablement ,getting back on my feet ,,,,,,,,,,,,,,,,,,
adult social care,adult services,adult social care services,adults' services,adults services,ASC,adult social services,social care,adult's services ,,,,,,,,,,,,,
shared lives schemes,adult family placements,foster care of adults,shared lives,,,,,,,,,,,,,,,,,,
mobility aids,bath seats,handrails,hoists,ramps,walking frames,walking sticks,wheel chairs,wheelchairs,zimmer frames,,,,,,,,,,,,
dance,dancing,dance class,dance club,zumba,salsa ,strictly ,mambo,ballet ,,,,,,,,,,,,,
leisure,leisure services,parks,libraries,leisure centres ,community centres ,swimming baths,swimming pool,library,,,,,,,,,,,,,
Communication,speech,speech and language,speech and language impairment,speech and language therapy,communication difficulties ,semantic pragmatic disorder,Specific Language Impairment ,SLI,"speech, language and communication need",SLCN,Aphasia ,dysphagia,speech therapy ,lisping,speech impediment ,trouble talking ,sign language,,,,
childcare,child minding ,childminders,child minder,childminder,childminding,day nursery,day nurseries,nursery ,child minder services,baby sitter ,babysitting,pre-school,out-of-school club,holiday scheme,playscheme,playgroup,child care,,,,
blind,sight loss,visual impairment,myopic,trouble seeing ,bad vision ,poor vision ,visually impared ,,,,,,,,,,,,,,
deaf,hard of hearing,hearing loss,loss of hearing ,audio impaired,can't hear,trouble hearing ,hearing impaired people,hearing impairment,hearing difficulties,,,,,,,,,,,,
Extra Care,accomodation with on-site care,very sheltered housing,,,,,,,,,,,,,,,,,,,
Aids and adaptations,assistive technology,A.T.,home aids,home adaptations,techonology aids,adaptations,assistive equipment,,,,,,,,,,,,,,
Floating Support,Housing support for people with care needs,,,,,,,,,,,,,,,,,,,,
LGBT people,"lesbian, gay, bisexual and transgender people",LGBT ,LGBTI,LGBTQ,,,,,,,,,,,,,,,,,
wellbeing,social wellbeing,well-being,piece of mind,,,,,,,,,,,,,,,,,,
advocacy,advocate,speak up,tribunal help,advocates,professional advocacy,,,,,,,,,,,,,,,,
dementia,senile dementia,Alzheimer's,fronto-temporal brain disease,,Lewy brain disease,memory loss,vascular brain disease,,,,,,,,,,,,,,
Supported Living,supported accommodation,supportive living,independent living,independent living support,,,,,,,,,,,,,,,,,
wages,earnings,pay,salaries,pay packet ,take home pay ,salary ,,,,,,,,,,,,,,,
eligibility criteria,eligibility,fair access to care services,entry requirements ,,,,,,,,,,,,,,,,,,
meals on wheels,meal service,delivered meals,meal services,ready meal delivery,meal delivery,meals and wheels,meals wheels,meals delivery,Hot meals delivered,Hot meal delivered,Hot meal delivery,ready meal,,,,,,,,,
black and minority ethnic people,black and ethnic minority people,black and minority ethnic groups,black Asian and minority ethnic groups,ethnic groups,minority ethnic groups,BME,,,,,,,,,,,,,,,
children,kids,kiddos ,young people ,school age children,,,,,,,,,,,,,,,,,
legal professionals,lawyers,solicitors,barrister ,legal advisor ,,,,,,advice and information,,,,,,,,,,,
advice services,info service,information service,advice service,information and advice,info and advice,,Guidance,help and guidance,help with my care,help with my support,care options,advice and guidance,care act information,advisor,,,,,,,
children's social care,early help,early help and protection,early help and protect,early intervention ,children social care ,children social services ,,,Attachment disorder,,,,,,,,,,,,
mental health,"Social, emotional and Mental health",OCD,Obsessive Compulsive Disorder,Suicidal thoughts,CAMHS,Child and Adolescent Mental Health Service,LD CAMHS,TAMHS,Targeted Mental Health Service ,generalised anxiety disorder,GAD,Post-traumatic stress disorder,Eating disorders ,Bi-polar Disorder,Panic Attacks,mental healthcare,mental illness,mentally ill people,mentally sick people,people with mental health problems,mental health support
stress,burnout,mental stress,strain (mental),anxiety ,overwhelmed,stressed out,burnt out,under pressure ,,,,,,,,,,,,,
depression,depressive symptoms,low mood,sad,black dog,poor outlook,,,,cut off notice ,,,,,,,,,,,,
debt,money troubles ,debt advice,money difficulties,skint,bankrupt,can't pay bills ,debts,overdrawn,overdue bill ,overdraft ,,,,,,,,,,,
foster care,fostering,professional fostering,temporary foster care,,,,,,,,,,,,,,,,,,
housing,accommodation,place to live ,,,,,,,,,,,,,,,,,,,
phone help,help phoneline,support phoneline,helpline,supportline,,,,,,,,,,,,,,,,,
domestic violence,familial violence,family violence,violence in the home,wifebeating,domestic abuse ,battered wife,battered husband,,,,,,,,,,,,,,
drug prescription,prescription medicines,prescription of drugs,,,,,,,,,,,,,,,,,,,
enuresis,bed-wetting (children),bedwetting (children),pee the bed,wee in the bed ,,,,,,,,,,,,,,,,,
brain damage,brain injuries,brain injury,ABI,,,,,,,,,,,,,,,,,,
incontinence,bed-wetting (adults),bedwetting (adults),continence,wee the bed ,,,,,,,,,,,,,,,,,
community alarm systems,electronic tagging (vulnerable people),pendant alarm,fall alarm,telecare,Personal alarm for old people,Personal alarm for old person,,,,,,,,,,,,,,,
further education,colleges,college,sixth form,post-16 education,post-18 education,post-19 education,FE,university ,,,,,,,,,,,,,
home help,cleaning help,help round the house,housekeeping,domestic help ,help keeping house ,cleaning service,cleaner,,,,,,,,,,,,,,
patient discharge,hospital discharge,leaving hospital,,,,,,,,,,,,,,,,,,,
PA,personal care assistants,personal assistant,personal assistants,,,,,,,,,,,,,,,,,,
direct payment,DP,individual payments,individual budgets,Direct payments ,personal budget,personal budgets,social care payment,money to my account,,,,,,,,,,,,,
security checking,CRB checking,CRB checks,staff vetting,vetting (staff),DBS checking,DBS checks,,,,,,,,,,,,,,,
multi-sensory impairment ,deafblind,,,,,,,,,,,,,,,,,,,,
therapy and treatment,therapies,therapy ,,,,,,,,,,,,,,,,,,,
blind people,blindness,partial sight,partially sighted,visually impaired,partial vision ,,,,,,,,,,,,,,,,
activities of daily living,ADL (activities of daily living),daily living skills,daily routine,chores,everyday tasks,,,,,,,,,,,,,,,,
haemophilia,hemophilia,,,,,,,,,,,,,,,,,,,,
Care plan,support plan,support planning,care and support plan ,carers support plans,,,,,,,,,,,,,,,,,
Outreach,help in the community,community help,community support,outreach services,,,,,,,,,,,,,,,,,
service brokerage,brokerage services,brokerage support,brokers,care brokers,care navigators,service brokers,,,,,,,,,,,,,,,
social services,councils with social services responsibilities,services (social),social care services,social services departments,,,,,,,,,,,,,,,,,
social work assessments,care assessment ,support assessment,care and support needs assessment ,care assessments,self assessment,self assessments,,,,,,,,,,,,,,,
drama,play-acting,theater,theatre,playhouse,,,,,,,,,,,,,,,,,
abortion,pregnancy termination,termination of pregnancy,abortion ,,,,,,,,,,,,,,,,,,
adult safeguarding,adult protection,safeguarding adults,protect adults,adults at risk,,,,,,,,,,,,,,,,,
childrens centres,children's centres,childrens centers,childrens centre,sure start,,,,,,,,,,,,,,,,,
counselling,counseling,counselling services,counciling,councilling,,,,,,,,,,,,,,,,,
education transport,school transport,school bus ,,,,,,,,,,,,,,,,,,,
gardening,horticulture,gardener,,,,,,,,,,,,,,,,,,,
health care,healthcare,health services,medical care ,,,,,,,,,,,,,,,,,,
heating,keeping warm,COSIE,cozy ,home heating ,,,,,,,,,,,,,,,,,
learning disabilities services,learning disability services,,,,,,,,,,,,,,,,,,,,
organisations,organizations,organisations ,agencies ,,,,,,,,,,,,,,,,,,
Parkinsons disease,Parkinson's disease,Parkinson disease,,,,,,,,,,,,,,,,,,,
self-help,self help,self care ,,,,,,,,,,,,,,,,,,,
taxation,taxes,,tax ,,,,,,,,,,,,,,,,,,
African Caribbean people,Afro Caribbean people,AfroCaribbeans,black people (Afro Caribbean),Africans,black people (African),Carribbean,Caribbean,,,,,,,,,,,,,,
babies,infants,baby ,babys,babby,child,,,,,,,,,,,,,,,,
back injuries,back pain,back strain,low back pain,,,,,,,,,,,,,,,,,,
COPD,Chronic Obstructive Pulmonary Disease,Emphysema,lung disease,chronic bronchitis,,,,,,stumble ,,,,,,,,,,,
falls,falling,tumble ,tumbles ,toppled over ,tipped over ,tripped ,,,,,,,,,,,,,,,
financial management,financial planning,budgeting,investment planning,planning for retirement,,,,,,,,,,,,,,,,,
fractures,breaks ,,,,,,,,,,,,,,,,,,,,
IT skills,computer skills,web skills ,spreadsheet skills,word-processing skills,,,,,,CP ,,,,,,,,,,,
Child abuse,abuse of children,neglect,child sexual exploitation,sexual abuse,CSE,child harm,child injury,child in need,child protection,CiN,LSCB,Local Safeguarding children's board,emotional abuse,physical abuse,child protection services,safeguarding children ,,,,,
schools,community schools,independent schools,academies ,,,,,,,,,,,,,,,,,,
self-funders,self funders,pay for it yourself ,,,,,,,,,,,,,,,,,,,
social isolation,isolated people,alone,living alone ,,,,,,,,,,,,,,,,,,
young people,adolescents,juveniles,teenagers,youths,young adults ,,,,,,,,,,,,,,,,
youth work,youth services,youth social work,Connexions ,young people's services ,,,,,,,,,,,,,,,,,
ADHD,attention deficit hyperactivity disorder,ADD,attention deficit disorder,,,,,,,alcohol misusers,,,,,,,,,,,
alcoholic,drink problem,alcohol dependent,alcoholics,alcoholic's,drinking problem,alcohol misuse,alcohol abuse,alcoholism,drinking problems (alcohol),drunkenness,drunk,binge drinking,,,,,,,,,
anti-social behaviour,anti-social behavior,anti social behaviour,antisocial behaviour,juvenile delinquency,vandalism,,,,,,,,,,,,,,,,
appropriate adult,responsible adult involvement,guardian,chaperone ,,,,,,,,,,,,,,,,,,
armed forces personnel,airmen,armed forces,army personnel,army veterans,combat veterans,military personnel,navy personnel,navy veterans,RAF veterans,RAF personnel,veterans (armed forces),war veterans,,,,,,,,,
audio visual media,audio visual material,audiovisual materials,audiovisual media,film clips,films (movies),movies,,,,,,,,,,,,,,,
tape recordings,tapes,audio,,,,,,,,,,,,,,,,,,,
bereavement counselling,bereavement counseling,bereavement support,grief work,bereavement,,,,,,,,,,,,,,,,,
care workers,care staff,,,,,,,,tariff,bill ,,,,,,,,,,,
child care workers,approved child minders,child care assistants,child minders,childcare workers,early years workers,nannies,nursery workers,babysitter,baby minder,child minder services ,,,,,,,,,,,
child support,child maintenance,financial support (children),child allowance ,,,,,,,,,,,,,,,,,,
complementary therapies,alternative medicine,alternative therapies,CAM (complementary and alternative medicine),complementary medicine,complementary therapy,herbal medicine,herbal treatments,complimentary medicine,holistic services,homeopathy,naturopathy,natural medicine,homeopathic medicine,,,,,,,,
divorce,separation (divorce),separated  ,spouse left me ,wife left ,husband left ,Separation,divorced parents,Separated parents,Family breakdown,break up,splitting up,relationship breakdown,,,,,,,,,
Downs syndrome,Down's syndrome,Down syndrome,,,,,,,,,,,,,,,,,,,
Dyspraxia ,Developmental co-ordination disorder,Motor coordination disorder,"Disorder of attention, motor co-ordination and perception",,,,,,,,,,,,,,,,,,
EHC Assessment,EHC needs assessment,Education health and care assessment,Education health and care needs assessment,EHC plan,EHCP,,,,,,,,,,,,,,,,
fathers,Dads,fatherhood,pop ,paternal ,Dad,,,,,,,,,,,,,,,,
financing,funding,initial investment,,,,,,,,,,,,,,,,,,,
heart diseases,angina,cardiac arrest,cardiac patients,cardiovascular diseases,coronary heart disease,heart patients,mci,miocardial infarction ,heart murmur,heart failure ,,,,,,,,,,,
housebound people,homebound,homebound people,housebound,,,,,,,,,,,,,,,,,,
local authority housing,council houses,council housing,,,,,,,,,,,,,,,,,,,
mass media,media,media publicity,news broadcasts,newspaper publicity,radio publicity,television publicity,bbc ,,,,,,,,,,,,,,
memory,recall ability,remembering,reminiscence,,,,,,,,,,,,,,,,,,
non-verbal communication,non verbal communication,,,,,,,,,,,,,,,,,,,,
performance evaluation,benchmarking,benchmarks,,,,,,,,,,,,,,,,,,,
physical disabilities,cripples,diplegia,hunchbacks,paraplegia,paraplegics,physical handicap,,,,,,,,,,,,,,,
Pregnancy,Ante natal,Antenatal,Expecting,birthing,expecting a baby,multiple pregnancy,with child,,,,,,,,,,,,,,
Reablement,increasing independence,enablement,restorative care,restorative home care,,,,,,,,,,,,,,,,,
recruitment,job advertising,personnel recruitment,staff advertisements,staff recruitment,job agency ,career service ,recruitment agency ,job service ,,,,,,,,,,,,,
religions,faith (religious),faiths,religion,religious faiths,religious groups,spiritual groups ,,,,,,,,,,,,,,,
risk,risk factors,risk taking,,,,,,,,,,,,,,,,,,,
self-advocacy,self advocacy,,,,,,,,,,,,,,,,,,,,
sexually transmitted infections,chlamydia,sexually transmitted diseases,STD (sexually transmitted disease),STI (sexually transmitted infection),syphilis,gonorrhea ,the clap ,,,,,,,,,,,,,,
stroke,stroke patients,brain attack,ischaemic stroke.æ,haemorrhagic stroke,,,,,,,,,,,,,,,,,
Brain haemorrage,cerebral haemorrhage,cerebral hemorrhage,cerebral infarction,TIA,transient ischaemic attack,,,,,,,,,,,,,,,,
teenage parents,teenage fathers,teenage mothers,,,,,,,,,,,,,,,,,,,
young parents,young mothers,young fathers ,young mother ,,,,,,,,,,,,,,,,,,
temporary accommodation,temporary accomodation,temporary acommodation,short stay ,short let ,,,,,,,,,,,,,,,,,
videos,video recordings,videotapes,beta max,,,,,,,,,,,,,,,,,,
abdomen,belly,stomach,tummy,middle,,,,,,,,,,,,,,,,,
abduction,child abduction,kidnap,kidnapping,taken,stolen,,,,,,,,,,,,,,,,
abuse,ill treatment (abuse),mistreatment (abusive),abused,,,,,,,,,,,,,,,,,,
academic staff,academic researchers,academics,lecturers,university staff,professors,,,,,,,,,,,,,,,,
access to birth records,birth records access,birth certificate ,,,,,,,,,,,,,,,,,,,
access to information,freedom of information,information access,open access,,,,,,,,,,,,,,,,,,
access to services,accessibility of services,service accessibility,,,,,,,,,,,,,,,,,,,
accountability,public accountability,responsible agency ,,,,,,,,,,,,,,,,,,,
admission to care,care home admission,,,,,,,,,,,,,,,,,,,,
adolescent girls,female teenagers,,,,,,,,,,,,,,,,,,,,
adopted people,adopted persons,adoptees,,,,,,,,,,,,,,,,,,,
adoption,adoption services,,,,,,,,,,,,,,,,,,,,
adoption allowance,adoption allowances,,,,,,,,,,,,,,,,,,,,
advance directives,advance decisions,directives (advance),living wills,,,,,,,,,,,,,,,,,,
AFIB,Atrial Fibrillation,,,,,,,,,,,,,,,,,,,,
after care,after-care,aftercare,throughcare,post care ,after a hospital stay ,after treatment,post op ,post treatment ,,,,,,,,,,,,,
after school care,after school clubs,after school activities,,,,,,,,,,,,,,,,,,,
age discrimination,ageism,,,,,,,,,,,,,,,,,,,,
aggression,aggressive behaviour,anger,attacks,combative behaviour,rage,agitated ,aggrivated ,aggrevated ,,,,,,,,,,,,,
Alzheimers disease,Alzheimer's disease,Alzheimer disease,,,,,,,,,,,,,,,,,,,
anaemia,anemia,iron deficient,low in iron ,,,,,,,,,,,,,,,,,,
animal abuse,animal cruelty,animal neglect,bestiality,cruelty to animals,,,,,,,,,,,,,,,,,
animal assisted therapy,animal assisted intervention,animal therapy,equine assisted therapy,pet therapy,guide dog,emotional support pet,,,,,,,,,,,,,,,
anti-discriminatory practice,anti-discriminatory practise,anti discriminatory practice,antidiscriminatory practice,,,,,,,,,,,,,,,,,,
anti-oppressive practice,anti-oppressive practise,anti oppressive practice,antioppressive practice,,,,,,,,,,,,,,,,,,
antipsychotic medication,anti-psychotic medication,antipsychotics,major tranquillisers,psychotropic drugs,tranquillisers (major),psychotropics,,,,,,,,,,,,,,,
anti-racist practice,anti-racist practise,antiracist practice,,,,,,,,,,,,,,,,,,,
anti-social behaviour orders,anti-social behavior orders,anti social behaviour orders,ASBOs,,,,,,,,,,,,,,,,,,
anxiety,agitation (anxiety),anxious ,edgy,on edge,nervous behaviour ,,,,,,,,,,,,,,,,
approved mental health professionals,AMHPs (approved mental health professionals),,,,,,,,,,,,,,,,,,,,
approved premises,bail hostels,probation hostels,,,,,,,,,,,,,,,,,,,
approved social workers,ASW (approved social workers),,,,,,,,,,,,,,,,,,,,
arson,fire-raising,fire setting,firesetting,fire starter ,,,,,,,,,,,,,,,,,
arthritis,osteoarthritis,joint pain,bad joints ,joint aches,aching joints ,,,,,,,,,,,,,,,,
Asian people,Asians,,,,,,,,,,,,,,,,,,,,
assertive outreach,assertive community treatment,,,,,,,,,,,,,,,,,,,,
assisted reproduction,assisted conception,in vitro fertilisation,in vitro fertilization,IVF (in vitro fertilisation),test tube baby,,,,,,,,,,,,,,,,
assisted suicide,assisted death,assisted dying,help dying ,my choice to die ,terminate my life ,,,,,,,,,,,,,,,,
Asthma,respiratory obstruction,trouble breathing,hyperventillating,wheezing,,,,,,,,,,,,,,,,,
attachment,bonding (interpersonal),,,,,,,,,,,,,,,,,,,,
attempted suicide,failed suicide attempts,parasuicide,,,,,,,,,,,,,,,,,,,
bail,conditional bail,unconditional bail,,,,,,,,,,,,,,,,,,,
bed and breakfast accommodation,B and B accommodation,,,,,,,,,,,,,,,,,,,,
Behaviour,BESD,"Behaviour, emotional and social development",SEMH,attitude,EBD,emotional and behavioural difficulties,conduct disorder,CD,SEBD,"Social, Emotional and Behavioural Difficulties ",BPD,disconnected ,,,,,,,,,
behaviour modification,behavior modification,classical conditioning,change outlook ,,,,,,,,,,,,,,,,,,
behaviour problems,misbehavior,misbehaviour,tantrums,episode,act out ,misbehave ,,,,,,,,,,,,,,,
behaviour therapy,behavior therapy,behavioral therapy,behavioural therapy,desensitisation,desensitization,,,,,,,,,,,,,,,,
bipolar disorder,bipolar affective disorder,manic-depressive disorder,manic depression,,,,,,,,,,,,,,,,,,
bisexual people,bisexuals,omnisexual people,omnisexuals,pansexual people,transexual,,,,,,,,,,,,,,,,
blogs,blogging,weblogs,vlogs ,web based commentary ,web posts ,,,,,,,,,,,,,,,,
Blood pressure,Hypertension,,,,,,,,,,,,,,,,,,,,
BMI,obesity measurement,height and weight measure,,,,,,,,,,,,,,,,,,,
boarding schools,residential education,residential schools,,,,,,,,,,,,,,,,,,,
bone diseases,brittle bone disease,brittle bones,osteoporosis,low bone density ,bone density ,,,,,,,,,,,,,,,,
budgetary control,budget control,,,,,,,,,,,,,,,,,,,,
building design,architecture,design (homes),interior decoration,,,,,,,,,,,,,,,,,,
buildings,apartment blocks,flats,houses,office blocks,housing structures,,,,,,,,,,,,,,,,
Bullying,Bully,Bullies,Bullying support,Bullying advice,Cyberbullying,cyber bullying,trolling,bullying at school,school bullies,,,,,,,,,,,,
CAFCASS,Children and Family Court Advisory and Support Service,,,,,,,,,,,,,,,,,,,,
cancer,cancers,leukaemia,leukemia,lymphoma,malignant tumours,neoplasms,,,,,,,,,,,,,,,
care pathways,clinical pathways,critical pathways,integrated care pathways,,,,,,,,,,,,,,,,,,
care programme approach,CPA (care programme approach),,,,,,,,,,,,,,,,,,,,
care providers,providers (care services),providers of care,care businesses,,,,,,,,,,,,,,,,,,
care reform,health care reform,social care reform,,,,,,,,,,,,,,,,,,,
carers,caregivers,family carers,informal carers,unpaid carers,unpaid support ,helper,minder,,,,,,,,,,,,,,
carers allowance,carer's allowance,carer's stipend,,,,,,,,,,,,,,,,,,,
case conferences,child protection conferences,conferences (casework),conferences (child protection),case meetings ,case review ,,,,,,,,,,,,,,,,
case records,records (casework),,,,,,,,,,,,,,,,,,,,
caseload,case loads,caseload management,caseloads,,,,,,,,,,,,,,,,,,
cerebral palsy,palsy (cerebral),,,,,,,,,,,,,,,,,,,,
challenging behaviour,agitation,,,,,,,,,,,,,,,,,,,,
charities,charitable foundations,charitable organisations,charitable trusts,registered charity,non profit,not for profit ,,,,,,,,,,,,,,,
chemotherapy,chemo,radiotherapy ,radiation therapy ,,,,,,,,,,,,,,,,,,
abused children,child physical abuse,smacking children ,slapping children,child beating ,child beater ,cruelty to children ,,,,,,,,,,,,,,,
child and adolescent mental health services,CAMHS (child and adolescent mental health services),,,,,,,,,,,,,,,,,,,,
child custody,custody of children,residence (children),residence with parent,living with parent,living with guardian ,,,,,,,,,,,,,,,,
child development,growth (children),,,,,,,,,,,,,,,,,,,,
child health services,paediatric ,paediatrician ,,,,,,,,,,,,,,,,,,,
child labour,child labor,child workers,,,,,,,,,,,,,,,,,,,
child neglect,neglect of children,neglecting children,absentee parents ,,,,,,,,,,,,,,,,,,
Child Support Agency,CSA (Child Support Agency),,,,,,,,,,,,,,,,,,,,
childbirth,birth,giving birth ,having a baby ,,,,,,,,,,,,,,,,,,
child-centred approach,child centered approach,child centred approach,kid centric,kidcentric,,,,,,,,,,,,,,,,,
Childrens Commissioners,Children's Commissioner,Childrens Commissioner,Childrens Rights Commissioner,NICCY (Northern Ireland Commissioner for Children and Young,NICCY (Northern Ireland Commissioner for Children and Young People),Northern Ireland Commissioner for Children and Young People,OCC (Office of the Children's Commissioner),Office of the Children's Commissioner,People),Scotland's Commissioner for Children and Young People,,,,,,,,,,,
Childrens Guardians,Children's Guardians,childrens guardian,family court advisors,guardian ad litem,,,,,,,,,,,,,,,,,
childrens rights,children's rights,young people's rights  ,young peoples rights ,,,,,,,,,,,,,,,,,,
childrens services,child social care services,children's services,childrens social care services,family services,chidlren and family services ,,,,,,,,,,,,,,,,
Childrens Trusts,children's trusts,,,,,,,,,,,,,,,,,,,,
chronic fatigue syndrome,CFS (chronic fatigue syndrome),ME (myalgic encephalomyelitis),myalgic encephalomyelitis,,,,,,,,,,,,,,,,,,
civil partnership,partnership (civil),gay marriage ,same sex marriage ,long time partner,,,,,,,,,,,,,,,,,
Client contribution,client cost,client payment,client charge,service user cost,service user contribution,service user payment,client costs,service costs ,,,,,,,,,,,,,
cognitive behavioural therapy,CBT (cognitive behavioural therapy),,,,,,,,,,,,,,,,,,,,
cohabitation,co-habitation,living together,,,,,,,,,,,,,,,,,,,
collaboration,cooperation,liaison,working together ,partnership ,partnering ,,,,,,,,,,,,,,,,
commissioning,procurement (commissioning),purchasing (services),paying for service delivery ,,,,,,,,,,,,,,,,,,
common assessment framework,CAF (common assessment framework),,,,,,,,,,,,,,,,,,,,
community care,care in the community,,,,,,,,,,,,,,,,,,,,
community care plans,community care planning,,,,,,,,,,,,,,,,,,,,
community centres,community centers,community organisations,neighborhood centers,neighbourhood centres,leisure centres,,,,,,,,,,,,,,,,
community development,neighbourhood renewal,renewal (neighbourhoods),social development (communities),regeneration ,,,,,,,,,,,,,,,,,
community health care,community health services,community healthcare,,,,,,,,,,,,,,,,,,,
community learning disabilities teams,community learning disability teams,,,,,,,,,,,,,,,,,,,,
community mental health nurses,community psychiatric nurses,,,,,,,,,,,,,,,,,,,,
community nurses,community matrons,,,,,,,,,,,,,,,,,,,,
community profiling,profiling (communities),,,,,,,,,,,,,,,,,,,,
community work,neighborhood work,neighbourhood work,local work ,,,,,,,,,,,,,,,,,,
comorbidity,multi-morbidity,,,,,,,,,,,,,,,,,,,,
compensation,financial compensation,compensate,money for injury ,,,,,,,,,,,,,,,,,,
complaints procedures,complaint process,complaints handling,making a complaint,Ombudsman services,feedback on services ,feedback on treatment,complain about treatment,customer experience ,,,,,,,,,,,,,
compulsory detention,compulsory admission,sectioning,automatic hold ,,,,,,,,,,,,,,,,,,
computer applications,application software,apps,mobile apps,widgets,electronic toolkit,mobile gadget ,,,,,,,,,,,,,,,
computers,PCs (personal computers),personal computers,hard drive ,desktop computer,,,,,,,,,,,,,,,,,
conditions of employment,employment conditions,terms of employment,employment contract ,,,,,,,,,,,,,,,,,,
conduct disorders,behavior disorders,behaviour disorders,,,,,,,,,,,,,,,,,,,
conflict management,conflict resolution,dispute resolution,mediation (conflicts),settle arguments ,settle dispute,,,,,,,,,,,,,,,,
consultancy,free-lance work,freelance work,contractor,sub contractor ,sole contractor ,,,,,,,,,,,,,,,,
contact,access to children,access to parents,parental contact,,,,,,,,,,,,,,,,,,
continuing professional development,CPD (continuing professional development),WBL (work-based learning),work-based learning,work based skills ,work skills ,,,,,,,,,,,,,,,,
contraception,condom use,std prevention ,sti prevention ,prevent sexually transmitted disease ,,,,,,,,,,,,,,,,,
contract procedures,contracting,,,,,,,,,,,,,,,,,,,,
coping behaviour,coping behavior,,,,,,,,,,,,,,,,,,,,
co-production,coproduction,,,,,,,,,,,,,,,,,,,,
corporal punishment,discipline (corporal punishment),physical punishment,smacking,hitting ,physical abuse ,striking ,,,,,,,,,,,,,,,
cost effectiveness,value for money,good value ,money well spent ,budget friendly ,,,,,,,,,,,,,,,,,
cost of living,living expenses,making ends meet,,,,,,,,,,,,,,,,,,,
council tax,community charge,,,,,,,,,,,,,,,,,,,,
counsellors,councillors (providers of counselling),counselors,people to talk to ,someone to talk to ,,,,,,,,,,,,,,,,,
court orders,action plan orders,injunctions,place of safety orders,,,,,,,,,,,,,,,,,,
crime,crimes,felonies,offences,,,,,,,,,,,,,,,,,,
crime prevention,crime reduction,prevention of crime,,,,,,,,,,,,,,,,,,,
crime victims,victims of crime,violence victims,,,,,,,,,,,,,,,,,,,
crisis resolution,crisis resolution home treatment teams,,,,,,,,,,,,,,,,,,,,
critical thinking,critical analysis,,,,,,,,,,,,,,,,,,,,
cutbacks,cost cutting,costcutting measures,budget cuts ,budget cutting ,reduce funding,lower funding,cut back,,,,,,,,,,,,,,
dance therapy,dance movement therapy,,,,,,,,,,,,,,,,,,,,
data collection,collecting information,information collection,,,,,,,,,,,,,,,,,,,
decentralisation,decentralization,devolution (to local level),localism,,,,,,,,,,,,,,,,,,
deinstitutionalisation,deinstitutionalization,,,,,,,,,,,,,,,,,,,,
dementia ,Pick's Disease,,,,,,,,,,,,,,,,,,,,
demographics,population statistics,population trends,statistics of populations,social trends ,population trends ,,,,,,,,,,,,,,,,
deregulation,de-regulation,,,,,,,,,,,,,,,,,,,,
detention and training orders,DTO (detention and training order),,,,,,,,,,,,,,,,,,,,
developing countries,least developed countries,less developed countries,third world,underdeveloped countries,,,,,,,,,,,,,,,,,
devolution,devolved government,National Assembly for Wales,Scottish Executive,Welsh Assembly,Welsh Government Assembly,,,,,,,,,,,,,,,,
diabetes,diabetics,type 2 ,adult onset diabetes ,childhood diabetes ,gestational diabetes,control blood sugar ,blood sugar levels,type 1 diabetes ,,,,,,,,,,,,,
diagnostic tests,tests (diagnostic),,,,,,,,,,,,,,,,,,,,
dialysis,haemodialysis,hemodialysis,,,,,,,,,,,,,,,,,,,
digital technology,digital technologies,,,,,,,,,,,,,,,,,,,,
directors of adult services,directors of adults services,director of adult's services ,,,,,,,,,,,,,,,,,,,
directors of social services,directors of social services departments,social services directors,,,,,,,,,,,,,,,,,,,
disclosure,self-disclosure,speak candidly,,,,,,,,,,,,,,,,,,,
district nurses,district nurse service,,,,,,,,,,,,,,,,,,,,
diversion,cautions (police),diversion from custody,reprimands (by police),,,,,,,,,,,,,,,,,,
doctors,physicians,surgeons,,,,,,,,,,,,,,,,,,,
drama therapy,dramatherapy,psychodrama,play act ,,,,,,,,,,,,,,,,,,
drop-in centres,drop in centers,drop in centres,,,,,,,,,,,,,,,,,,,
DVT,deep vein blood clot,Deep Vein Thrombosis,,,,,,,,,,,,,,,,,,,
dyspepsia,heart burn,indigestion,oggida,acid reflux,,,,,,,,,,,,,,,,,
early years education,infant education,nursery education,pre-school education,montessouri,pre-school ,kindegarden ,,,,,,,,,,,,,,,
educational assessment,assessment (educational),examinations (educational),exams,school tests ,,,,,,,,,,,,,,,,,
educational grants,awards (educational grants),bursaries,educational awards (grants),,,,,,,,,,,,,,,,,,
educational performance,academic achievement,attainments (educational),educational achievement,educational attainment,performance (educational),grades ,score,,,,,,,,,,,,,,
efficiency,efficiencies,works well ,smooth running machine ,,,,,,,,,,,,,,,,,,
elder abuse,abuse of older people,abused elderly people,neglect of older people,old age abuse,geriatric abuse ,hitting older people ,,,,,,,,,,,,,,,
electrocardiogram,ECG,heart bleeps machine,,,,,,,,,,,,,,,,,,,
electroconvulsive therapy,ECT (electroconvulsive therapy),,,,,,,,,,,,,,,,,,,,
electronic tagging,electronic monitoring (offenders),tagging (offenders),,,,,,,,,,,,,,,,,,,
Emergency Contraception,Contraceptive Pill,Morning after pill,birthcontrol pill ,,,,,,,,,,,,,,,,,,
emergency duty teams,EDT (emergency duty teams),emergency response team ,,,,,,,,,,,,,,,,,,,
emergency health services,accident and emergency,ambulance services,emergency medical services,,,,,,,,,,,,,,,,,,
employment and support allowance,ESA (employment and support allowance),,,,,,,,,,,,,,,,,,,,
end of life care,end-of-life care,care for the dying ,,,,,,,,,,,,,,,,,,,
ENT,Ear Nose & Throat,ENT services ,,,,,,,,,,,,,,,,,,,
environment,built environment,physical environment,surroundings,,,,,,,,,,,,,,,,,,
epilepsy,complex partial ,convulsions,grand mal,seizure,,,,,,,,,,,,,,,,,
equal opportunities,equality of opportunity,fair to all ,,,,,,,,,,,,,,,,,,,
ethics,code of ethics,ethical code,ethical practice,moral judgments,,,,,,,,,,,,,,,,,
European Union,European Commission,European Parliament,brussels ,,,,,,,,,,,,,,,,,,
euthanasia,physician assisted suicide,,,,,,,,,,,,,,,,,,,,
evaluation,effectiveness evaluation,programme evaluation,,,,,,,,,,,,,,,,,,,
evidence-based practice,evidence-based practise,evidence-informed practice,evidence-informed practise,evidence based practice,evidence informed practice,,,,,,,,,,,,,,,,
ex-offenders,ex-convicts,former prisoners,parolees,,,,,,,,,,,,,,,,,,
expenditure,capital expenditure,,,,,,,,,,,,,,,,,,,,
fabricated or induced illness,fabricated illness,induced illness,Munchausen's syndrome,Munchausen's syndrome by proxy,Munchausens syndrome by proxy,phantom pregnancy ,sympathy pain,,,,,,,,,,,,,,
family centres,family centers,resource centres (families),,,,,,,,,,,,,,,,,,,
family courts,family proceedings,,,,,,,,,,,,,,,,,,,,
family group conferences,family conferences,,,,,,,,,,,,,,,,,,,,
family mediation,conciliation (child custody),family conciliation,mediation (child custody),family conference ,,,,,,,,,,,,,,,,,
family planning,birth control,pregnancy planning,try for a baby ,,,,,,,,,,,,,,,,,,
family relations,sibling relationships,sibling rivalry,favourite son ,favourite daughter,,,,,,,,,,,,,,,,,
family reunification,reuniting families,bring families together ,,,,,,,,,,,,,,,,,,,
family support,family aides,family preservation,,,,,,,,,,,,,,,,,,,
family therapy,family counseling,family counselling,,,,,,,,,,,,,,,,,,,
family-centred approach,family centered approach,family centred approach,,,,,,,,,,,,,,,,,,,
female genital mutilation,circumcision (female),excision (female),female circumcision,FGM (female genital circumcision),,,,,,,,,,,,,,,,,
feminist theory,black feminism,feminism,liberal feminism,radical feminism,,,,,,,,,,,,,,,,,
field work,fieldwork,,,,,,,,,,,,,,,,,,,,
fields of study,academic disciplines,study disciplines,subjects of study,,,,,,,,,,,,,,,,,,
financial abuse,economic abuse,financial exploitation,fraud,,,,,,,,,,,,,,,,,,
fines,penalties (fines),,,,,,,,,,,,,,,,,,,,
first line managers,front-line managers,front-line social work managers,front line managers,frontline managers,frontline social work managers,,,,,,,,,,,,,,,,
flexible working,flexible working practices,flexitime,,,,,,,,,,,,,,,,,,,
foetal alcohol syndrome,FAS (foetal alcohol syndrome),fetal alcohol syndrome,,,,,,,,,,,,,,,,,,,
foster carers,foster parents,professional foster parents,,,,,,,,,,,,,,,,,,,
fund raising,fund-raising,fundraising,raise money ,,,,,,,,,,,,,,,,,,
gambling,betting,gamblers,making a bet ,,,,,,,,,,,,,,,,,,
gay men,homosexual men,,,,,,,,,,,,,,,,,,,,
gender,gender differences,gender roles,,,,,,,,,,,,,,,,,,,
gender equality,equal rights for women,sexual equality,,,,,,,,,,,,,,,,,,,
general practice social work,general practice attachment schemes,,,,,,,,,,,,,,,,,,,,
general practitioners,family doctors,GPs (general practitioners),,,,,,,,,,,,,,,,,,,
girls,female children,daughters,,,,,,,,,,,,,,,,,,,
globalisation,globalization,,,,,,,,,,,,,,,,,,,,
glossaries,dictionaries,explanations ,tell me what words mean ,acronym buster ,,,,,,,,,,,,,,,,,
good practice,best practice,good example,best way of doing things ,leading by example ,,,,,,,,,,,,,,,,,
governing bodies,boards of directors,boards of governors,governing boards,oversight ,,,,,,,,,,,,,,,,,
government bodies,government agencies,government institutions,NDPBs,non-departmental government bodies,state bodies,statutory bodies,,,,,,,,,,,,,,,
government departments,Department for Communities and Local Government,Department for Work and Pensions,Department of Social Security,departments of central government,ministries (government departments),ODPM (Office of Deputy Prime Minister),Office of Deputy Prime Minister,,,,,,,,,,,,,,
government policy,national policy,public policy,public strategy ,national law,government rules ,,,,,,,,,,,,,,,,
grandparents,grandfathers,grandmothers,grannies,grandpa ,grandma ,gramme ,gramp ,,,,,,,,,,,,,,
group therapy,group psychotherapy,,,,,,,,,,,,,,,,,,,,
groups,communities of practice,,,,,,,,,,,,,,,,,,,,
groupwork,group work (social work method),,,,,,,,,,,,,,,,,,,,
gypsies,gipsies,Gypsy people,Roma,,,,,,,,,,,,,,,,,,
happiness,contentment,joy,bliss ,positive outlook ,,,,,,,,,,,,,,,,,
harassment,harrassment,being bothered by someone else ,,,,,,,,,,,,,,,,,,,
health,physical health,wellness,being well ,disease free ,not sick ,perky ,cancer free ,,,,,,,,,,,,,,
health and social care law,health law,,,,,,,,,,,,,,,,,,,,
health authorities,district health authorities,family health service authorities,SHAs (strategic health authorities),strategic health authorities,,,,,,,,,,,,,,,,,
health education,first aid training,health promotion,,,,,,,,,,,,,,,,,,,
health inequalities,health service inequalities,gaps in life span,,,,,,,,,,,,,,,,,,,
health insurance,BUPA insurance,long term healthcare insurance,medical insurance,private healthcare ,private health care ,,,,,,,,,,,,,,,,
health needs,health care needs,medical needs,mental health needs,health requirements,,,,,,,,,,,,,,,,,
health professionals,medical staff,,,,,,,,,,,,,,,,,,,,
health visiting,home health visits,home visiting (health),,,,,,,,,,,,,,,,,,,
helplines,help-lines,phoneline counselling,telephone counselling,telephone counselling services,,,,,,,,,,,,,,,,,
higher education,university education,post secondary school ,,,,,,,,,,,,,,,,,,,
Hispanic people,Latin American people,Latino groups,Latino minority groups,Latinos,,,,,,,,,,,,,,,,,
HIV AIDS,A.I.D.S.,acquired immunodeficiency syndrome,AIDS (acquired immunodeficiency syndrome),HIV and AIDS,human immunodeficiency virus,,,,,,,,,,,,,,,,
holidays,holidaying,vacations,,,,,,,,,,,,,,,,,,,
home education,home schooling,parental home schooling,,,,,,,,,,,,,,,,,,,
home improvements,handiman services (improvements),handyman help (minor repairs),handyman services (improvements),handyperson help,house improvements,,,,,,,,,,,,,,,,
home safety,safe environment in the home,safety in the home,,,,,,,,,,,,,,,,,,,
housing conditions,disrepair (housing),rundown housing,squalor (housing),,,,,,,,,,,,,,,,,,
housing departments,housing authorities,housing dept,housing depts,,,,,,,,,,,,,,,,,,
housing estates,estates (housing),residential estates,,,,,,,,,,,,,,,,,,,
human rights,civil rights,,,,,,,,,,,,,,,,,,,,
human trafficking,people trafficking,person trafficking,trafficking (of people),,,,,,,,,,,,,,,,,,
Huntingtons disease,hereditary chorea,Huntington's chorea,Huntington's disease,Huntington disease,,,,,,,,,,,,,,,,,
hypnotherapy,hypnosis,,,,,,,,,,,,,,,,,,,,
immunisation,immunization,vaccination,,,,,,,,,,,,,,,,,,,
inclusive education,educational inclusion,inclusion (education),,,,,,,,,,,,,,,,,,,
income support,supplementary benefits,extra money ,,,,,,,,,,,,,,,,,,,
indigenous people,aboriginals,Indians (native Americans),Inuit ,Eskimos ,,,,,,,,,,,,,,,,,
inequalities,social inequalities,,,,,,,,,,,,,,,,,,,,
infectious diseases,bacterial diseases,communicable diseases,infections,viral diseases,viral infections,catchy diseases ,,,,,,,,,,,,,,,
information management,data management,,,,,,,,,,,,,,,,,,,,
information technology,ICT (information and communications technology),information and communications technology,IT (information technology),telecomms,telecommunications technology,,,,,,,,,,,,,,,,
informed consent,agreement to participate,consent (informed),permission ,,,,,,,,,,,,,,,,,,
inspection,audit (inspection),investigation ,,,,,,,,,,,,,,,,,,,
institutional abuse,residential home abuse,,,,,,,,,,,,,,,,,,,,
institutional discrimination,institutional racism,institutionalised discrimination,organisational discrimination,organizational discrimination,,,,,,,,,,,,,,,,,
institutionalisation,institutionalization,,,,,,,,,,,,,,,,,,,,
instruments,psychometric instruments,psychometrics,,,,,,,,,,,,,,,,,,,
insurance,professional liability insurance,,,,,,,,,,,,,,,,,,,,
integrated care,care coordination,coordinated care,joined up care,joined up service ,partnership approach ,,,,,,,,,,,,,,,,
integrated services,service integration,,,,,,,,,,,,,,,,,,,,
interagency cooperation,interagency collaboration,multiagency cooperation,,,,,,,,,,,,,,,,,,,
intercountry adoption,inter-country adoption,inter country adoption,transnational adoption,adopt from another country ,,,,,,,,,,,,,,,,,
interest groups,campaigning groups,lobbying groups,pressure groups,,,,,,,,,,,,,,,,,,
international bodies,international organisations,international organizations,,,,,,,,,,,,,,,,,,,
international recruitment,international staff recruitment,overseas recruitment,recruitment overseas,,,,,,,,,,,,,,,,,,
interpreting,interpreters,,,,,,,,,,,,,,,,,,,,
interprofessional relations,interprofessional relationships,professional inter-relationships,professional relationships,,,,,,,,,,,,,,,,,,
interviewing,interviews,,,,,,,,,,,,,,,,,,,,
investigations,investigation,,,,,,,,,,,,,,,,,,,,
involuntary clients,compulsory clients,mandated service users,,,,,,,,,,,,,,,,,,,
Jewish people,Jews,,,,,,,,,,,,,,,,,,,,
job satisfaction,employee satisfaction,employment satisfaction,work satisfaction,,,,,,,,,,,,,,,,,,
job sharing,jobshares,work sharing,,,,,,,,,,,,,,,,,,,
jobseekers allowance,JA (jobseekers allowance),jobseeker's allowance,unemployment benefit (jobseekers),,,,,,,,,,,,,,,,,,
joint commissioning,joint purchasing (by organisations),,,,,,,,,,,,,,,,,,,,
joint residence,joint custody,joint custody of children,shared parenting,,,,,,,,,,,,,,,,,,
joint working,partnership working,,,,,,,,,,,,,,,,,,,,
keyworkers,key workers,,,,,,,,,,,,,,,,,,,,
kidney diseases,chronic kidney disease,chronic renal disease,CKD (chronic kidney disease),renal diseases,,,,,,,,,,,,,,,,,
kinship care,familial fostering,family foster care,kinship fostering,,,,,,,,,,,,,,,,,,
knowledge management,managing knowledge,,,,,,,,,,,,,,,,,,,,
labour market,job market,jobs market,labour force,find a job ,,,,,,,,,,,,,,,,,
law,acts of parliament,legal issues,legislation,,,,,,,,,,,,,,,,,,
law courts,courts of law,,,,,,,,,,,,,,,,,,,,
learning disability nursing,learning disabilities nursing,,,,,,,,,,,,,,,,,,,,
leave,holiday entitlement,sick leave,time off work,annual leave ,vacation pay ,,,,,,,,,,,,,,,,
leaving care,care ending,care termination,moving out of care,,,,,,,,,,,,,,,,,,
legal proceedings,lawsuits,litigation,prosecution,getting sued ,sue ,,,,,,,,,,,,,,,,
leisure activities,recreational activities,things to do ,free time activities ,,,,,,,,,,,,,,,,,,
lesbians,gay women,homosexual women,,,,,,,,,,,,,,,,,,,
licence,parole,release on licence,,,,,,,,,,,,,,,,,,,
life story books,books (life stories),life-story books,,,,,,,,,,,,,,,,,,,
life story work,life-story work,narrative metaphors,narrative therapy,,,,,,,,,,,,,,,,,,
life style,lifestyle,way of life ,,,,,,,,,,,,,,,,,,,
lighting,illumination,lamps,,,,,,,,,,,,,,,,,,,
listening skills,active listening skills,,,,,,,,,,,,,,,,,,,,
literacy,illiteracy,canÍt read,,,,,,,,,,,,,,,,,,,
literature reviews,research reviews,,,,,,,,,,,,,,,,,,,,
loans,bank loans,borrowing money,,,,,,,,,,,,,,,,,,,
local authorities,councillors (members of local authorities),county council,county councils,district council,district councils,local councils,town council,town councils,,,,,,,,,,,,,
loneliness,lonely people,people who live alone,,,,,,,,,,,,,,,,,,,
long stay care,long stay residential care,,,,,,,,,,,,,,,,,,,,
long term care,long-term care,,,,,,,,,,,,,,,,,,,,
long term conditions,chronic disease,chronic illness,long-term conditions,,,,,,,,,,,,,,,,,,
long term outcomes,long-term outcomes,long-term goals ,,,,,,,,,,,,,,,,,,,
long term treatment,long-term treatment,,,,,,,,,,,,,,,,,,,,
longitudinal studies,long term studies,,,,,,,,,,,,,,,,,,,,
looked after children,children in care,,,,,,,,,,,,,,,,,,,,
low income,low pay,minimum wage,,,,,,,,,,,,,,,,,,,
malpractice,incompetence (professional),negligence,,,,,,,,,,,,,,,,,,,
management,management operations,,,,,,,,,,,,,,,,,,,,
management information systems,information management systems,,,,,,,,,,,,,,,,,,,,
markets,care markets,,,,,,,,,,,,,,,,,,,,
marriage,weddings,,,,,,,,,,,,,,,,,,,,
marriage breakdown,breakdown (marriage),marital breakdown,marital problems,separation (marriage breakdown),,,,,,,,,,,,,,,,,
mediation,disagreement resolution,,,,,,,,,,,,,,,,,,,,
medical model,medical model of disability,,,,,,,,,,,,,,,,,,,,
medical treatment,clinical treatment,treatment (medical),,,,,,,,,,,,,,,,,,,
medication,administration of drugs,drug administration,drugs (medical use),medicines,pharmacotherapy,pills (prescribed medicine),,,,,,,,,,,,,,,
men,adult males,male adults,,,,,,,,,,,,,,,,,,,
oppositional defiant disorder,ODD,,,,,,,,,,,,,,,,,,,,
mental health education,mental health promotion,mental health training,,,,,,,,,,,,,,,,,,,
missing persons,missing children,missing people,kidnapped children ,lost people,lost children ,,,,,,,,,,,,,,,,
mixed economy of care,mixed economy of supply,mixed economy of welfare,,,,,,,,,,,,,,,,,,,
mixed race people,mixed race,racially mixed people,,,,,,,,,,,,,,,,,,,
mobile phones,cell phones,cellphones,mobile telephones,smart phones,text messaging,texting,,,,,,,,,,,,,,,
models,modeling,modelling,,,,,,,,,,,,,,,,,,,
motivation,motives,motivate ,,,,,,,,,,,,,,,,,,,
motor neurone disease,MND (motor neurone disease),,,,,,,,,,,,,,,,,,,,
multicultural approach,cross-cultural approach,cultural competence,ethnically sensitive practice,multi-cultural approach,,,,,,,,,,,,,,,,,
multidisciplinary services,multi-disciplinary services,,,,,,,,,,,,,,,,,,,,
multidisciplinary teams,interdisciplinary teams,,,,,,,,,,,,,,,,,,,,
multidisciplinary training,interagency education,interagency training,interdisciplinary education,interdisciplinary training,interprofessional education,interprofessional training,multi-disciplinary training,,,,,,,,,,,,,,
multiple disabilities,multiply disabled,,,,,,,,,,,,,,,,,,,,
multiple sclerosis,MS (multiple sclerosis),,,,,,,,,,,,,,,,,,,,
murder,homicide,killing,manslaughter,,,,,,,,,,,,,,,,,,
Muslims,Moslem people,Moslems,Muslim people,islamic,,,,,,,,,,,,,,,,,
needs assessment,needs-led assessment,,,,,,,,,,,,,,,,,,,,
newly qualified social workers,NQSW,NQSWs,,,,,,,,,,,,,,,,,,,
NHS,National Health Service,,,,,,,,,,,,,,,,,,,,
NHS trusts,acute hospital trusts,acute trusts,ambulance trusts,foundation trusts,National Health Service Trusts,trusts (NHS),,,,,,,,,,,,,,,
noise,accoustic environment,peace and quiet,quiet surroundings,loud neighbours ,,,,,,,,,,,,,,,,,
non-compliant behaviour,disguised compliance,non-compliant behavior,noncompliant behaviour,,,,,,,,,,,,,,,,,,
non-custodial treatment,community sentences,non-custodial sentences,non custodial sentences,non custodial treatment,,,,,,,,,,,,,,,,,
nonprofit organisations,non-profit organisations,not-for-profit organisations,,,,,,,,,,,,,,,,,,,
non-resident parents,non resident parents,nonresident parents,,,,,,,,,,,,,,,,,,,
nurseries,creches,nursery schools,daycare centres ,,,,,,,,,,,,,,,,,,
nurses,general practice nurses,,,,,,,,,,,,,,,,,,,,
NVQs,National Vocational Qualifications,,,,,,,,,,,,,,,,,,,,
obesity,overweight,fat ,obese ,,,,,,,,,,,,,,,,,,
objectives setting,goal-setting,target setting,,,,,,,,,,,,,,,,,,,
obsessive compulsive disorders,BDD (body dysmorphic disorder),body dysmorphic disorder,obsessive-compulsive disorder,OCD (obsessive compulsive disorder),,,,,,,,,,,,,,,,,
occupational pensions,company pensions,defined benefit schemes,final salary pensions,superannuation,works pensions,,,,,,,,,,,,,,,,
offenders,young offenders ,youth offending,Youth Caution,statutory Court Order,Youth Conditional Caution ,criminals,perpetrators,,,,,,,,,,,,,,
organ transplants,heart transplants,kidney transplants,organ donation,renal transplantation,transplants (organs),liver transplants ,,,,,,,,,,,,,,,
organisational culture,institutional culture,,,,,,,,,,,,,,,,,,,,
organisational development,organizational development,,,,,,,,,,,,,,,,,,,,
organisational learning,learning organizations,organizational learning,,,,,,,,,,,,,,,,,,,
organisational structure,national social care service structure,organizational structure,regional structures,reorganisation,reorganization,restructuring,sectoral structure,social care infrastructure,structural change,,,,,,,,,,,,
outcomes,outcome research,,,,,,,,,,,,,,,,,,,,
pain,chronic pain,intractable pain,suffering (pain),,,,,,,,,,,,,,,,,,
palliative care,hospice care,terminal care,,,,,,,,,,,,,,,,,,,
parental discipline,discipline (parental),discipline in the home,,,,,,,,,,,,,,,,,,,
parental role,father's role,mother's role,parents role,roles (parenthood),mothering,fathering ,,,,,,,,,,,,,,,
parental skills training,parental education,parental training,parenting programmes,,,,,,,,,,,,,,,,,,
parent-child relations,child-parent relationships,father-child relations,father-son relations,mother-child relations,parent-child interaction,,,,,,,,,,,,,,,,
parenting,child raising,child rearing,maternal care,paternal care,bringing up children ,,,,,,,,,,,,,,,,
parents with learning disabilities,intellectually impaired parents,mentally handicapped parents,parents with learning difficulties,,,,,,,,,,,,,,,,,,
part time work,part-time work,seasonal work ,term time employment ,,,,,,,,,,,,,,,,,,
participation,engagement (activity participation),take part in ,,,,,,,,,,,,,,,,,,,
partner abuse,battered wives,,,,,,,,,,,,,,,,,,,,
partners,cohabiting couples,couples (married or cohabiting),husbands,married couples,spouses,wives,partners ,life partner,,,,,,,,,,,,,
patch systems,community social work,,,,,,,,,,,,,,,,,,,,
patient admission,admission to hospital,hospital admission,patient admissions,going into hospital ,,,,,,,,,,,,,,,,,
patients,clients (health services),,,,,,,,,,,,,,,,,,,,
peer support,peer mentors,peer support workers,,,,,,,,,,,,,,,,,,,
people,persons,,,,,,,,,,,,,,,,,,,,
performance indicators,PAF indicators,performance tables,star ratings,,,,,,,,,,,,,,,,,,
performance management,performance measurement,performance monitoring (organisations),quality management,,,,,,,,,,,,,,,,,,
permanency planning,permanence of placements,,,,,,,,,,,,,,,,,,,,
personal pensions,private pensions,stakeholder pensions,retirement plans ,,,,,,,,,,,,,,,,,,
personalisation,personalization,,,,,,,,,,,,,,,,,,,,
personality,personal characteristics,personality traits,traits of personality,genetic traits ,,,,,,,,,,,,,,,,,
personality disorders,borderline personality disorders,dissociative identity disorder,,,,,,,,,,,,,,,,,,,
person-centred approach,client-centred approach,patient-centred approach,person-centered approach,person centred care,user-centred approach,,,,,,,,,,,,,,,,
person-centred planning,individual programme planning,person centered planning,person centred planning,personalised approach,,,,,,,,,,,,,,,,,
pets,animals (pets),cats (pets),companion animals,dogs (pets),,,,,,,,,,,,,,,,,
physical illness,ill health,illness (physical),sick people,infirm,not healthy ,under the weather ,,,,,,,,,,,,,,,
placement,care placement,,,,,,,,,,,,,,,,,,,,
placement disruption,instability of placements,placement breakdown,placement instability,placement stability,stability of placements,,,,,,,,,,,,,,,,
planning,business planning,long term planning,strategic planning,,,,,,,,,,,,,,,,,,
play,playing,,,,,,,,,,,,,,,,,,,,
police,police forces,Police Service,policemen,community safety ,,,,,,,,,,,,,,,,,
policy formulation,policy-making,policy development,policy making,,,,,,,,,,,,,,,,,,
politics,political change,political movements,political parties,,,,,,,,,,,,,,,,,,
pornography,indecent images,obscene images,porn,,,,,,,,,,,,,,,,,,
post adoption services,adoption support services,post-adoption services,post adoption care,,,,,,,,,,,,,,,,,,
post qualifying education,post qualifying training,CPD,follow on training,follow up courses ,,,,,,,,,,,,,,,,,
post traumatic stress disorder,PTSD (post traumatic stress disorder),shell shock,,,,,,,,,,,,,,,,,,,
postnatal depression,post-natal depression,post natal depression,postpartum depression,,,,,,,,,,,,,,,,,,
poverty,deprivation,poor ,,,,,,,,,,,,,,,,,,,
practice placement,field placement,placement in the field,practice learning,practice placements,,,,,,,,,,,,,,,,,
practice teaching,field instruction,field teaching,,,,,,,,,,,,,,,,,,,
pre-school children,pre school children,preschool children,under fives,,,,,,,,,,,,,,,,,,
prevention,preventative measures,preventitive measures,preventive measures,preventive practice,triage ,,,,,,,,,,,,,,,,
primary care,primary health care,,,,,,,,,,,,,,,,,,,,
primary care trusts,teaching primary care trusts,,,,,,,,,,,,,,,,,,,,
primary school,junior school,,,,,,,,,,,,,,,,,,,,
priorities,prioritisation,prioritization,,,,,,,,,,,,,,,,,,,
prison service,Her Majesty's Prison Service,HM Prison Service,,,,,,,,,,,,,,,,,,,
prisoners,convicts,,,,,,,,,,,,,,,,,,,,
prisons,prison,correctional facilities,,,,,,,,,,,,,,,,,,,
private health care,private health services,,,,,,,,,,,,,,,,,,,,
private sector,for-profit sector,independent sector,private companies,privately owned businesses,,,,,,,,,,,,,,,,,
privatisation,privatization,,,,,,,,,,,,,,,,,,,,
probation service,National Probation Service,,,,,,,,,,,,,,,,,,,,
procedures,manuals of procedure,procedure manuals,protocols,guidance ,procedural guide ,instructions ,,,,,,,,,,,,,,,
professional associations,professional societies,,,,,,,,,,,,,,,,,,,,
professional conduct,behaviour (professionals),conduct (professionals),misconduct (professionals),,,,,,,,,,,,,,,,,,
professional registration,licensing (staff),,,,,,,,,,,,,,,,,,,,
professional role,role of professionals,role of social workers,,,,,,,,,,,,,,,,,,,
professionals,professional people,,,,,,,,,,,,,,,,,,,,
prostitution,prostitutes,sex work,sex workers,hookers ,,,,,,,,,,,,,,,,,
psychiatric day care,psychiatric day centres,outpatient psychiatric ,,,,,,,,,,,,,,,,,,,
psychology,clinical psychology,cognitive psychology,,,,,,,,,,,,,,,,,,,
psychoses,delusions,hallucinations,psychosis,psychitic episode ,seeing things ,,,,,,,,,,,,,,,,
psychosocial approach,psychosocial perspectives,,,,,,,,,,,,,,,,,,,,
public expenditure,public spending,government spending ,,,,,,,,,,,,,,,,,,,
public inquiries,government inquiries,inquiries (public),official inquiries,public enquiries,,,,,,,,,,,,,,,,,
public opinion,opinion polls,opinions (society),public attitudes,societal attitudes,,,,,,,,,,,,,,,,,
public relations,PR (public relations),public affairs ,,,,,,,,,,,,,,,,,,,
punishment,penalties (punishment),,,,,,,,,,,,,,,,,,,,
purchaser-provider split,provider-purchaser split,purchaser provider split,,,,,,,,,,,,,,,,,,,
qualifications,awards (qualifications),Certificate in Social Service,Certificate of Qualification in Social Work,CQSW,educational awards (qualifications),,,,,,,,,,,,,,,,
quality assurance,quality control,,,,,,,,,,,,,,,,,,,,
questionnaires,forms (questionnaires),surveys ,,,,,,,,,,,,,,,,,,,
race relations,ethnic relations,inter-race relations,interethnic relations,,,,,,,,,,,,,,,,,,
racial equality,equal rights for ethnic minorities,ethnic equality,race equality,equal opportunity ,,,,,,,,,,,,,,,,,
racism,racial prejudice,racist ,,,,,,,,,,,,,,,,,,,
randomised controlled trials,randomized controlled trials,,,,,,,,,,,,,,,,,,,,
recidivists,persistent offenders,persistent young offenders,repeat offenders ,habitual offenders ,,,,,,,,,,,,,,,,,
recovered memory syndrome,false memory syndrome,recovered memory therapy,repressed memory syndrome,,,,,,,,,,,,,,,,,,
recovery approach,recovery model,,,,,,,,,,,,,,,,,,,,
referral,duty services,duty teams,intake systems,intake teams,,,,,,,,,,,,,,,,,
regional policy,regional government,london councils ,,,,,,,,,,,,,,,,,,,
registration,licensing (organisations),,,,,,,,,,,,,,,,,,,,
relationships,social relations,social relationships,working relationships,romantic relationships ,,,,,,,,,,,,,,,,,
relatives,aunts,cousins,nephews,nieces,relations (people),uncles,extended family ,step family ,,,,,,,,,,,,,
religious discrimination,anti-semitism,antisemitism,jew bashing,,,,,,,,,,,,,,,,,,
remand,remand centres,remand in custody,,,,,,,,,,,,,,,,,,,
rented accommodation,private rented housing,rented housing,rented premises,private let ,,,,,,,,,,,,,,,,,
research centres,research centers,,,,,,,,,,,,,,,,,,,,
research design,statistical design (aspect of research design),,,,,,,,,,,,,,,,,,,,
research dissemination,dissemination of research,publication of research,research publicity,,,,,,,,,,,,,,,,,,
research governance,evaluation of research methodology,research evaluation,,,,,,,,,,,,,,,,,,,
research implementation,implementation of research,research application,research in practice,research into practice,research take-up,research utilisation,,,,,,,,,,,,,,,
research methods,descriptive research methods,empirical research methods,methods of study,research methodologies,research methodology,study methods,,,,,,,,,,,,,,,
resettlement,ex-offender resettlement,offender resettlement,,,,,,,,,,,,,,,,,,,
residential child care,childrens homes,community homes,residential homes (children),,,,,,,,,,,,,,,,,,
restraint,minimising restraint,restrictive interventions,restrictive practices,,,,,,,,,,,,,,,,,,
retirement communities,retirement villages,,,,,,,,,,,,,,,,,,,,
rights based model,rights-based model,,,,,,,,,,,,,,,,,,,,
riots,disorder (rioting),rioting,urban riots,,,,,,,,,,,,,,,,,,
ritual abuse,satanic abuse,voodoo (abuse),witchcraft (abuse),,,,,,,,,,,,,,,,,,
role playing,role-play,role-playing,,,,,,,,,,,,,,,,,,,
rough sleepers,rough sleeping,sleeping rough,,,,,,,,,,,,,,,,,,,
runaways,absconders (young people),runaway children,runaway young people,,,,,,,,,,,,,,,,,,
rural areas,countryside,rural environment,rural issues,villages (rural),,,,,,,,,,,,,,,,,
safeguarding children,child safeguarding,childrens safeguarding,,,,,,,,,,,,,,,,,,,
Safeguarding Children Boards,Local Safeguarding Children Boards,,,,,,,,,,,,,,,,,,,,
safety,security,,,,,,,,,,,,,,,,,,,,
school attendance,absenteeism (school),missing school,school absenteeism,,,,,,,,,,,,,,,,,,
school children,pupils,schoolchildren,,,,,,,,,,,,,,,,,,,
school exclusion,exclusion from school,expulsion,suspension (school),,,,,,,,,,,,,,,,,,
school social work,education social work,educational welfare work,school social services,,,,,,,,,,,,,,,,,,
secondary school,high school,higher education ,big school ,middle school ,,,,,,,,,,,,,,,,,
sectors,economic sectors,,,,,,,,,,,,,,,,,,,,
secure hospitals,high-security psychiatric hospitals,psychiatric hospitals (high-security),special hospitals (high-security),,,,,,,,,,,,,,,,,,
secure training centres,secure training centers,,,,,,,,,,,,,,,,,,,,
selective mutism,elective mutism,mutism,,,,,,,,,,,,,,,,,,,
self care,self-care,self-management of care,,,,,,,,,,,,,,,,,,,
self-concept,personal identity,self-identity,self-perspective,self concept,,,,,,,,,,,,,,,,,
self-determination,SDT (self-determination theory),self-determination theory,self determination,,,,,,,,,,,,,,,,,,
self-directed support,cash for care,consumer-directed care,self-managed support,,,,,,,,,,,,,,,,,,
self-employment,entrepreneurship,self employment,contractor ,,,,,,,,,,,,,,,,,,
self-esteem,confidence (self-esteem),self-confidence,self-worth,self esteem,self image ,,,,,,,,,,,,,,,,
self-harm,deliberate self harm,self harm,,,,,,,,,,,,,,,,,,,
self-help groups,self-help organisations,self-help organizations,self help groups,self help organisations,,,,,,,,,,,,,,,,,
sentences,custodial sentences,sentencing,prison term ,jail time ,prison time ,,,,,,,,,,,,,,,,
serious case reviews,case management reviews,child practice reviews,significant case reviews,,,,,,,,,,,,,,,,,,
service closure,closure of services,decommissioning,shutdown (services),closing service ,discontinuing service,,,,,,,,,,,,,,,,
service development,service design,service re-design,,,,,,,,,,,,,,,,,,,
service transitions,care transitions,transition between services,transitional services,,,,,,,,,,,,,,,,,,
service uptake,service engagement,service utilisation,service utilization,uptake of services,,,,,,,,,,,,,,,,,
service users,clients (social services),people who use care services,people who use services,social work users,users (of care services),customers of social care ,,,,,,,,,,,,,,,
severe disabilities,severely disabled people,,,,,,,,,,,,,,,,,,,,
severe learning disabilities,multiple learning disabilities,people with severe learning difficulties,people with severe learning disabilities,profound learning disabilities,severe learning difficulties,,,,,,,,,,,,,,,,
severe mental health problems,enduring mental health problems,people with severe mental health problems,severe mental disorders,severe mental illnesses,,,,,,,,,,,,,,,,,
sex discrimination,gender discrimination,sexism,sexual discrimination,,,,,,,,,,,,,,,,,,
sex offenders,rapists,paedophiles,perverts ,,,,,,,,,,,,,,,,,,
sexual behaviour,inappropriate sexual behavior,inappropriate sexual behaviour,sexual behavior,sexual disinhibition,kinky ,BDSM,S and M ,,,,,,,,,,,,,,
shared housing,lodgings,house share ,flat share ,,,,,,,,,,,,,,,,,,
shelters,cold weather shelters,night shelters,nightshelters,homeless shelters,,,,,,,,,,,,,,,,,
short stay care,short-stay care,,,,,,,,,,,,,,,,,,,,
short term outcomes,short-term outcomes,,,,,,,,,,,,,,,,,,,,
short term treatment,short-term treatment,quick treatment ,,,,,,,,,,,,,,,,,,,
short-term casework,brief casework,short term casework,time limited casework,,,,,,,,,,,,,,,,,,
siblings,brothers,sisters,step brother,step sister ,,,,,,,,,,,,,,,,,
sickle cell anaemia,sickle cell anemia,sickle cell disease,,,,,,,,,,,,,,,,,,,
single parent families,lone parent families,lone parents,one parent families,single mother families,single moms ,,,,,,,,,,,,,,,,
skills,abilities,competences,competencies,certificates ,skill set ,,,,,,,,,,,,,,,,
sleep problems,insomnia,sleep behaviour,sleep disorders,sleep apnaea,can't sleep ,sleeping disorders ,,,,,,,,,,,,,,,
social activities,social activity,,,,,,,,,,,,,,,,,,,,
social care provision,provision of services,service provision,social care services ,,,,,,,,,,,,,,,,,,
social care staff,social care workforce,workforce (social care sector),social care workers ,,,,,,,,,,,,,,,,,,
social enterprises,co-operative societies,cooperatives,mutual societies,,,,,,,,,,,,,,,,,,
social exclusion,alienation (social),disadvantage (social),exclusion (social),social alienation,,,,,,,,,,,,,,,,,
social fund,budgeting loans,cold weather payments,community care grants,crisis loans,funeral payments (benefit),social fund payments,Sure Start maternity grants,winter fuel payments,,,,,,,,,,,,,
social media,Facebook,social networking technologies,Twitter,Web 2.0 technologies,instagram ,linkd in ,,,,,,,,,,,,,,,
social model,social model of disability,class system ,,,,,,,,,,,,,,,,,,,
social networks,networks (social),social support networks,networks ,,,,,,,,,,,,,,,,,,
social pedagogy,pedagogy (social work),,,,,,,,,,,,,,,,,,,,
social problems,societal problems,,,,,,,,,,,,,,,,,,,,
social role valorisation,normalisation,normalization,social role valorization,SRV (social role valorisation),,,,,,,,,,,,,,,,,
social skills,people skills,,,,,,,,,,,,,,,,,,,,
social skills training,interpersonal skills training,people skills training,,,,,,,,,,,,,,,,,,,
social transitions,social environment change,transitions (social),social changes,,,,,,,,,,,,,,,,,,
social work approaches,approaches to social work,methods of social work ,types of social work ,,,,,,,,,,,,,,,,,,
social work assistants,assistant social workers,social worker support staff,social work apprentices ,,,,,,,,,,,,,,,,,,
Social Work degrees,Social Work degree,social work certificate ,,,,,,,,,,,,,,,,,,,
social work education,social work training,social worker training,,,,,,,,,,,,,,,,,,,
social work history,history of social work,,,,,,,,,,,,,,,,,,,,
social work methods,social work techniques,techniques (of social work),,,,,,,,,,,,,,,,,,,
social work theories,social work theory,theory of social work,,,,,,,,,,,,,,,,,,,
social worker-service user relationships,client-social worker relationship,social worker-client relationship,social worker-service user relationship,social worker-user relationship,user-social worker relationship,working relationships (social workers with users),,,,,,,,,,,,,,,
socialisation,socialization,,,,,,,,,,,,,,,,,,,,
socioeconomic groups,castes,classes of society,social class,socio-economic groups,socioeconomic group,class structure,class divide,snob,,,,,,,,,,,,,
solvent misuse,glue sniffing,solvent abuse,volatile substance misuse,,,,,,,,,,,,,,,,,,
South Asian people,Bangladeshi people,Bangladeshis,Hindu people,Indian people,Pakistani people,Pakistanis,,,,,,,,,,,,,,,
special education,conductive education,,,,,,,,,,,,,,,,,,,,
specific learning disorders,specific learning difficulties,specific learning disabilities,,,,,,,,,,,,,,,,,,,
speech impairment,lisps,speech impediments,stammering,stuttering,problems speaking ,,,,,,,,,,,,,,,,
speech therapy,language therapy,,,,,,,,,,,,,,,,,,,,
spinal injuries,SCI (spinal cord injuries),spinal cord injuries,,,,,,,,,,,,,,,,,,,
staff appraisal,appraisal (staff),performance appraisal (staff),performance evaluation (staff),performance monitoring (staff),staff reporting,performance review,,,,,,,,,,,,,,,
staff development,human resource development,personnel development,workforce development,staff development ,learn on the job ,,,,,,,,,,,,,,,,
staff induction,induction (staff),induction training,staff introduction ,,,,,,,,,,,,,,,,,,
staff management,HR (human resources management),human resource management,human resources management,people management,personnel management,,,,,,,,,,,,,,,,
staff mentoring,coaching (staff),mentoring (staff),,,,,,,,,,,,,,,,,,,
staff resignation,resignation (staff),,,,,,,,,,,,,,,,,,,,
staff retention,retention (staff),keep staff,,,,,,,,,,,,,,,,,,,
staff supervision,supervision of staff,staff oversight ,,,,,,,,,,,,,,,,,,,
staffing levels,levels of staffing,staff levels,staff numbers,staff shortages,workforce planning (staff levels),number of workers ,employees,,,,,,,,,,,,,,
staff-user relationships,staff-user relationship,staff user relationship,user-staff relationship,working relationships (staff-users),,,,,,,,,,,,,,,,,
state retirement pensions,SERPS (State Earnings Related Pension Scheme),state pensions,,,,,,,,,,,,,,,,,,,
statistical methods,statistical analysis,statistical data,statistical design (methodology of analysis),,,,,,,,,,,,,,,,,,
step families,step-families,stepfamilies,,,,,,,,,,,,,,,,,,,
stereotyped attitudes,homophobia,prejudice,bigot,homophobe,racist,,,,,,,,,,,,,,,,
student social workers,social work students,,,,,,,,,,,,,,,,,,,,
sudden infant death,cot death,SIDS (Sudden Infant Death Syndrome),Sudden Infant Death Syndrome (SIDS),,,,,,,,,,,,,,,,,,
supervised community treatment,community treatment orders,,,,,,,,,,,,,,,,,,,,
support groups,patient support groups,peer support groups,user groups,peers ,peer groups ,contemporaries ,consumer group ,,,,,,,,,,,,,,
support workers,housing support workers,support time and recovery workers,,,,,,,,,,,,,,,,,,,
support services (housing),supportive housing,,,,,,,,,,,,,,,,,,,,
surgery,amputation,operations (surgical),surgical procedures,missing a limb,removing a leg,removing a limb,,,,,,,,,,,,,,,
surrogacy,surrogate mothers,surrogate parenthood,surrogate parents,,,,,,,,,,,,,,,,,,
surveys,consumer research,social surveys,survey methods,consultations ,focus groups ,customer feedback ,,,,,,,,,,,,,,,
survivors,abuse survivors,abuse victims,victims of abuse,,,,,,,,,,,,,,,,,,
sustainable development,sustainability (economic),green building ,sustainable building ,,,,,,,,,,,,,,,,,,
systems approach,systems analysis,systems theory,,,,,,,,,,,,,,,,,,,
tablet computers,ipads,ipad mini ,kindle,,,,,,,,,,,,,,,,,,
task-centred practice,task-centered practise,task-centred casework,task centred casework,task centred practice,,,,,,,,,,,,,,,,,
teaching,instruction,guiding ,lecturing ,lecture ,,,,,,,,,,,,,,,,,
teaching methods,training methods,ways of learning ,,,,,,,,,,,,,,,,,,,
telehealth,telemedicine,,,,,,,,,,,,,,,,,,,,
television,TV (television),tivo ,,,,,,,,,,,,,,,,,,,
temporary staff,agency staff,supply staff,interim staff,seasonal staff ,,,,,,,,,,,,,,,,,
tendering,bidding for contracts,competitive tendering,compulsory competitive tendering,sub contract ,,,,,,,,,,,,,,,,,
termination of employment,dismissal (from work),firing (from work),sacking (from work),pink slip ,terminated ,fired ,sacked ,,,,,,,,,,,,,,
thalassaemia,thalassemia,,,,,,,,,,,,,,,,,,,,
Tourettes syndrome,Gilles de Tourettes syndrome,Tourette's syndrome,Tourette syndrome,,,,,,,,,,,,,,,,,,
trade unions,labor unions,trades unions,,,,,,,,,,,,,,,,,,,
training,staff training,training programmes,upskill ,skills training ,,,,,,,,,,,,,,,,,
tranquillisers,anxiolytics,barbiturates,benzodiazepines,diazepam,minor tranquillisers,tranquilisers,tranquilizers,tranquillizers,downers,anti-anxiety pills,,,,,,,,,,,
transgender people,transgender,transgendered people,Transgendered,Trans,Gender fluid,Gender variant,Agender,Non-binary,MTF,FTM,Gender dysphoria,,,,,,,,,,
transracial adoption,interracial adoption,mixed-race adoption,,,,,,,,,,,,,,,,,,,
transracial foster care,interracial foster care,mixed-race fostering,transcultural foster care,,,,,,,,,,,,,,,,,,
transsexual people,sex-change people,transsexuals,gender change ,gender reassignment ,,,,,,,,,,,,,,,,,
traumas,psychological trauma,episode ,,,,,,,,,,,,,,,,,,,
travellers,New Age travellers,travelling people,,,,,,,,,,,,,,,,,,,
treatment compliance,compliance with treatment,drop-outs (treatment),dropouts (treatment),lapses in treatment,missed appointments (treatment),treatment adherence,treatment lapse,off the wagon ,,,,,,,,,,,,,
UN Convention on the Rights of Persons with Disabilities,United Nations Convention on the Rights of Persons with,United Nations Convention on the Rights of Persons with Disabilities,,,,,,,,,,,,,,,,,,,
UN Convention on the Rights of the Child,UNCRC,United Nations Convention on the Rights of the Child,,,,,,,,,,,,,,,,,,,
unborn children,fetuses,foetuses,human embryos,prenatal development,in utero ,fetus ,,,,,,,,,,,,,,,
unemployment,joblessness,long term unemployment,out of work for a long time ,chronically unemployed ,,,,,,,,,,,,,,,,,
urban areas,built-up areas,,,,,,,,,,,,,,,,,,,,
user led research,emancipatory research,user-led research,,,,,,,,,,,,,,,,,,,
user participation,service user participation,user engagement,user involvement,,,,,,,,,,,,,,,,,,
user views,feedback (users),opinions (users),user feedback,user opinions,user perspectives,user reactions,,,,,,,,,,,,,,,
user-led organisations,user-led organizations,user led organisations,,,,,,,,,,,,,,,,,,,
very old people,frail older people,,,,,,,,,,,,,,,,,,,,
videogames,computer games,video games,electronic games ,,,,,,,,,,,,,,,,,,
violence,brutality,violent crime,,,,,,,,,,,,,,,,,,,
Vocational rehabilitation,occupational rehabilitation,,,,,,,,,,,,,,,,,,,,
voluntary organisations,voluntary bodies,voluntary organizations,,,,,,,,,,,,,,,,,,,
voluntary sector,community sector,third sector,,,,,,,,,,,,,,,,,,,
voluntary work,pro bono work,,,,,,,,,,,,,,,,,,,,
vulnerable adults,vulnerable people,,,,,,,,,,,,,,,,,,,,
vulnerable children,at risk children,children at risk,,,,,,,,,,,,,,,,,,,
Williams syndrome,Williams_Beuren syndrome,,,,,,,,,,,,,,,,,,,,
women,adult females,female adults,ladies,lady ,Lady's,ladies' ,,,,,,,,,,,,,,,
working hours,hours of work,shift work,staff rotas,work schedule ,work shift,hours at work ,work hours ,business hours ,,,,,,,,,,,,,
workload,work load,case load ,line of work ,workplace responsibilities ,,,,,,,,,,,,,,,,,
juvenile delinquents,juvenile offenders,young adult offenders,youth offenders,ASBO,juvenile delinquants ,bad kids ,,,,,,,,,,,,,,,
young onset dementia,early onset dementia,early diagnosed dementia,prone to dementia ,,,,,,,,,,,,,,,,,,
youth courts,juvenile court proceedings,juvenile courts,youth court proceedings,,,,,,,,,,,,,,,,,,
youth justice,juvenile justice,criminal youth ,,,,,,,,,,,,,,,,,,,
pharmacy,pharmacist,chemist,,,,,,,,,,,,,,,,,,,
Deprivation of Liberty,DoL,DOLS,Deprivation of Liberty safeguards,,,,,,,,,,,,,,,,,,
Lasting Power of Attorney,LPA,,,,,,,,,,,,,,,,,,,,
carer assessment,carers assessment,carer assessments,carers assessments,carer's assessments,,,,,,,,,,,,,,,,,
hoarding,hoarder,hoard,hoarders,,,,,,,,,,,,,,,,,,
food bank,foodbank,food parcels,emergency food,,,,,,,,,,,,,,,,,,
carers support,carer support,,,,,,,,,,,,,,,,,,,,
young carer,young carers,,,,,,,,,,,,,,,,,,,,
FGM,Female circumcision,female genital mutiliation,,,,,,,,,,,,,,,,,,,
Dog,dogs,canine,canines,,,,,,,,,,,,,,,,,,
helper animal ,helper animals ,service animal,service animals,assistance animal,assistance animals,,,,,,,,,,,,,,,,
service dog ,service dogs,guide dog,guide dogs,,,,,,,,,,,,,,,,,,
Patient discharge,home from hospital,,,,,,,,,,,,,,,,,,,,
back injuries,lumbago,,,,,,,,,,,,,,,,,,,,
alcohol poisoning,alcohol overdose,,,,,,,,,,,,,,,,,,,,
anti social behaviour,ASB,,,,,,,,,,,,,,,,,,,,
transvestite,cross-dressers,transvestites,,,,,,,,,,,,,,,,,,,
Childcare,Creche,nanny,after school club,breakfast club,,,,,,,,,,,,,,,,,
